{"cameraMode":{"drawMode":0,"name":"Shaded","section":"Shading Mode"},"sceneLighting":false,"audioPlay":false,"sceneViewState":{"showFog":true,"showMaterialUpdate":false,"showSkybox":false,"showFlares":true,"showImageEffects":true,"showParticleSystems":true},"in2DMode":false,"pivot":{"x":4.8699951171875,"y":1.3499951362609864,"z":-2.3499951362609865},"rotation":{"x":0.017328130081295968,"y":-0.6499208211898804,"z":0.014830914326012135,"w":0.7596770524978638},"size":18.391983032226564,"orthographic":false}